text,label
COVID-19 Awards,False
Cancel the 2020-2021 school year SOLs,False
..,False
Protect our nurses!,False
SENSELESS IMPRISONMENT FOR MY MOM.. FIRST TIME OFFENDER NON-VIOLENT CRIME,False
COVID-19: Demand immediate release for those incarcerated in Knox County jail,False
"Petition to recall Desmond Elliot from the Lagos House of Assembly, Surulere Constituency",False
Texas UIL Spring Sports/Competitions to be completed during the Summer of 2020,False
Prioritize Vaccinating Florida Teachers,True
Save Plum Island Coffee Roasters,False
Suspend Rent & Mortgage in Canada during COVID-19,False
Ask the City of Winston-Salem to support in-street dining for downtown resturants!,False
Have Online Classes & Close Physical BMCC campus due to Outbreak of COVID-19,False
Appello per la pace in Etiopia,False
Stop Guinea Pig Vaccine Tests In  Africa for Covid 19/ Corona Virus,False
Rowan University: Universal Pass System,False
Allow Athletic Therapists to treat their patients,False
Allow not COVID related evictions,False
#FreeNeko from Navajo County Jail,False
ÖZEL OKUL ÖDEMELERİNİNDE İNDİRİM,False
Allow Golf courses to open in Ontario,False
Extend Winter Break at UBC,False
Include Preschool Teachers in the Phase 1b vaccine rollout in Kentucky,True
"Justice for Dr. Abhishek Bhayana, youngest frontline covid warrior",False
Petition for Approval to Provide Illinois Early Intervention Services via Telehealth,False
Help animal shelters during COVID-19,False
"Allow access in Point Roberts, WA for Canadian property, boat & animal owners",False
Lower Tuition at Hope College During Covid-19,False
School Stays ON !,False
Licensure Extension for TLLP due to COVID-19,False
Cancel rental payment for international student of Australia during COVID-19 crisis,False
Provide easily accessible and free COVID-19 testing across India.,False
Community Demands for Lesley University's Covid-19 Response,False
Free Jay Regas,False
Remove Dr. Wajid Ahmed from his position as Medical Officer of Health for Windsor/Essex,False
Hazard Pay For Essential Workers,False
Let our 4 year old Melbourne kinder kids go to their Primary Schools for prep orientation,False
SHUTDOWN BROWARD COUNTY,False
Make the CDC report the number of coronavirus cases per state,False
End Hate Crimes Against Asian Americans,False
"Lockdown India Completely Until 31st Mar (At least) - (Buses, Flights, Trains, Shops etc)",False
Cancel the 2020 St Patrick's Day Parades in Ireland to help reduce the spread of COVID-19,False
Keep Yehaa Bob at Port Orleans,False
Allow Fall Advantage participants to arrive for the Fall program.,False
"Teachers, Students, and Staff are NOT Expendable",False
Change the 2020 Year 12 VCE Exams,False
Ban Eating Dogs & Cats in China - Now.,False
Covid-19:   Salud a través del ejercicio!,False
Call for the Resignation of Los Angeles Mayor Eric Garcetti for BLM Protest Response,False
Lower the amount of work given to KHSD students,False
Cancel GEBE bills during lockdown,False
Suspension of rent payments to students during the Coronavirus pandemic.,False
It now time for temples and religious institutions to donate for COVID relief,False
Expedite NBCOT Exam Process,False
“TAKE  ACTION AGAINST CORRUPTION NOW”,False
Pharmacy Personnel MUST be included in Gov. Wolf's COVID-19 PA Hazard Pay Grant Program!!!,False
University students should not have to pay last instalment of rent if they move out,False
Recall WI Governor Tony Evers,False
Transparency for Missouri beef consumers and producers,False
Virginia Covid-19 Mandatory Shelter in Place,False
Open Texas Nursing Homes and Assisted Living Centers,False
Claps don't pay the bills - give all NHS workers a 15% pay rise #NHSPay15,False
Mandate PPE for Dental Hygienists NOW!,False
Carteret County Surf Now,False
"COVID-19 Pass/Fail Grading Initiative for FCPS - Frederick, MD",False
Provide Food and Safe Transport to Stranded Migrants during COVID-19 Lockdown,False
Save Newquay Killacourt,False
Mandate the collection of disaggregated health data for Canadians during COVID-19,False
Help Georgia Restaurants Survive COVID-19,False
SAVE OUR SMALL BUSINESS COMMUNITY!! Allow restaurants to be able to service outdoor dining,False
UHC refuses to pay equitably for COVID tests,False
UT AUSTIN NEEDS TO CONTACT ALL RESIDENTS AND STAFF WHEN COVID-19 CASES EMERGE,False
Pengurangan uang sekolah selama Home Learning karena dampak ekonomi dari Covid - 19.,False
"COVID-19 : Give the 320,000 homeless people in the U​.​K. shelter",False
Review of the constitution of the South African CoVID-19 National Command Council,False
Save Pine Island Club,False
Reopen Gyms To Help Combat COVID-19,False
Make COVID-19 Testing Free for Senior Citizens & Subsidised for All #PatientsBeforeProfits,False
We want to feel safe on social media platforms,False
Pass/Fail Grading Option at Adelphi University in response to COVID-19,False
"Prisoner's in danger of Covid-19. ""Please Help""
#PrisonersLivesMatterToo",False
Arrest Mocha Uson for Publishing False News in her Facebook Page,False
COVID-19: Allow free hospital parking for BC's health care workers.,False
REDUCTION IN SCHOOL FEES DURING COVID-19. Schools to run at no profit no loss till then,False
UW 2020 Commencement,False
Private schools to charge 50% tuition fees for online classes.,False
"Plea for $1,000,000 for COVID-19 Frontline Workers Families",False
Lift covid restrictions on Beauty industry!,False
COVID - Suspend School Until We Have Clarity,False
For NHS senior management to protect workers from COVID-19 as a priority,False
Early release for Hector Jimenez via medical parole or clemency due to COVID-19,False
No mandatory Covid-19 vaccine in Canada,True
Cancelling of HITS Events during COVID pandemic,False
Stop the Suppression and Redirection of Covid-19 Data,False
Keep Community Based Adult Services (CBAS) Available in California,False
"Close, Florida, close the beaches, Gov. DeSantis!",False
Nurses must be exempted from paying tax during covid-19.,False
Pass all SBISD students for the spring semester,False
Please Close Philadelphia Public Schools due to Coronavirus/COVID-19! Safety first!,False
"Support and reward healthcare workers, COVID-19",False
Stop UC Davis From Cutting Financial Aid During a Pandemic,False
Ban face to face teaching at City of Glasgow College with immediate effect - COVID-19,False
SUPPORT FOR SME WORKING DIRECTORS UNDER JOBS SUPPORT SCHEME (JSS),False
COVID-19 Small Business economic hardship,False
Reopen The Spotlight Theatre ASAP,False
Remove mandated bulk-billing from COVID-19 telehealth item numbers.,False
Open Up Private Recreational Motorcycle & ATV Areas In NY,False
Stop Covid-19 Related Dismissals at Glasgow Colleges,False
Proposal to Make Alberta's Diploma Examinations Voluntary,False
"ICMR JRF 2020 ,DBT BET JRF 2020 and GATB 2020 got postponed now",False
Stop the RHS Bridgewater from further culling of roe deer at their site,False
Joe Biden's Candidacy is Failing - We Demand a Stronger Nominee. Democrats: Act Now.,False
Close All Wildlife Trading Markets Globally,False
Lift Restrictions for New Brunswickers Travelling to Nova Scotia,False
We Demand Free Internet for ALL Low-Income Families During COVID-19,False
A Campaign to Protect Dover Forest!,False
Signez la lettre pour le retrait de la proposition de loi sur un ordre des psychologues,False
URGENT CALL - Release Julian Assange from Belmarsh NOW!,False
Amend order to allow JCPD officers to wear BDU's during PANDEMIC!,False
Play Fair - Let Live Music Live,False
Make Covid duty for final MBBS students voluntary,False
Bring back Division III National Championships,False
Lockdown Pakistan to Prevent COVID-19 Transmission,False
Cancel all further assignments and exams due to instability caused by COVID-19,False
Get Washington county closed because of Covid-19,False
Please help the residents of Guildwood Extendicare during Covid Crisis,False
Take back the decision to end the relationship with the Chinese scholars who fund by CSC,False
Stop Transport Canada rescinding covid response that allows you to stay in your vehicle,False
Take Action to End Canada's Blood Donation Ban,False
COVID-19：Request For MPCSD to Close Schools for the Safety of our Community and Children,False
"Stop Con Edison from potentially spreading Covid-19 to its workers, and the NYC public!",False
We study in online mode we want online Semester examination for every university students,False
Enforce State and Local COVID-19 Rules in all California State Employee Workplaces,False
We want the Human rights commission to lay charges of racism against Russell Kruger.,False
Close CCPS schools to limit spread of coronavirus.,False
Keep X-rays for Chiropractors for the health benefit of future patients.,False
Change UAlberta Classes from in person to Online due to COVID-19,False
Animal Charities including Wildlife Rescues deserve government support during Covid-19,False
Stop the relocation of a Sexually Violent Predator to Twentynine Palms!,False
Cancel Rent Payments in Finland for International Students during Covid-19.,False
Demand California Delay Implementing Cuts to Pharmacies During COVID-19 Pandemic,False
Hunts and shoots should not be exempt from 6 person rule + Covid-19 restrictions,False
APPEAL COVID-19/ BEAUTY INDUSTRY,False
Mississippi State University students want the option for classes to be Pass/Fail,False
Tertiary Students of JA Appeal to Reduce Tuition 15-20% & Refund Miscellaneous/ Late Fees.,False
AMPLIACION DE LA BECA CONTINUIDAD DE ESTUDIOS I - II Convocatoria. BECA PRONABEC,False
Petition Sokongan kepada Ketua Pengarah KKM Datuk Dr. Noor Hisham Bin Abdullah,False
Allow EBT recipients to order groceries online during COVID-19 pandemic and beyond.,False
Cancel Alberta Diploma Examinations,False
The beauty industry - financial support & operational clarity from government & insurers,False
Potential treatment for COVID-19 should not harm Canadians living with lupus,False
Save Akron's Last Major Greenspace!,False
Allow Donna Kay Rule to compete in the NFR!,False
Stop classes and encourage online classes to reduce spread of COVID-19 in uniten,False
Hazard Pay for Wal-Mart Associates,False
Demand FDA Approval for Emergency Use of Ivermectin for Covid 19 Treatment,False
NO TO THE DISPLACEMENT OF MARIACHIS AT MARIACHI PLAZA IN BOYLE HEIGHTS!,False
Provide financial support for ALL Sole Traders in Victoria,False
Allow medical schools to proctor board exams to combat scheduling issues due to COVID-19.,False
Let babies travel on their mother's passport into South Africa for Medical Emergencies,False
Pembroke Pines utilities cost increase during COVID-19,False
"Give Children and Families Access to Beaches, Parks and Trails in Hawaii",False
"Save Donderberg , Sauvons l'espace vert du Donderberg à Laeken , Red Donderberg",False
COVID Transparency at BYU,False
Postpone JEE & NEET to the end of 2020,False
Save my dad from ICE's virus-ridden detention centers,False
India needs to change its stance on mental health,False
"No School Re-Opening, Protect Our Children",False
"Covid-19 Minnesota families rent,mortgages, utilities,and monthly Bill's or hardships!",False
Varsity College must decrease their school fees by 35% because of the COVID 19 pandemic,False
Car Dealerships are Non-Essential During COVID-19 and should be be closed!,False
Hazard Pay For The Front Line,False
UAH: Extend a Pass/Fail Option Due to COVID-19,False
Maharashtra CM : Make an announcement in Reduction & Deferment of School Fees !,False
To allow the children of a covid victim to remain in their home.,False
Help convince the SUSD that Students & Teachers Need Leniency in Grading during COVID-19.,False
"Glasgow Life, Reconsider Library Closures",False
Get Classes Moved To Online Due to Corona Virus (Covid-19),False
Release my mother due to COVID-19,False
"Allow venues, stadia, and hotels with Covid Controls in place to operate at capacity",False
Stop insurance providers from rejecting doctor-recommended cancer treatment.,False
"Let's get back golfing, rowing, playing tennis and picnicking again Ontario.",False
Fast food restaurants to print vehicle reg on takeaway packaging to discourage littering.,False
LOVE IS NOT TOURISM,False
#ProtectLibraryWorkers & communities: Don't reopen libraries until it's safe,False
Darden : Financial Relief for COVID-19,False
Close Pepperdine due to the Covid-19 Case in California,False
Keep NM Garden Nurseries Open,False
Stipend increment of Resident doctors who are working tirelessly to fight COVID19 PANDEMIC,False
Please help saving the life of my Father Kidnapped Dr Abbadi in Jordan,False
Hold the Chinese government accountable for COVID-19,False
Suspend school/college session until 2021,False
Keep our children safe and close the schools,False
Ensure Safe Watersports Access to Florida's Waterways during COVID-19 Pandemic,False
Powerful action against climate change by the governments,False
Continue Paying Northeastern Dining Hall Employees for the Next 30 Days,False
Australian Healthcare Workers demand safe Personal Protective Equipment for COVID-19,False
Force private nurseries to charge REDUCED fees during COVID-19 crisis,False
South Dakota High School Pass or Fail students -COVID-19,False
Save Maryland Restaurants,False
Re-Open Motocross Tracks Responsibly,False
Procurement of Covid-19 cure from Madagascar by the South African government.,False
Federal financial relief for restaurant industry — covid-19 pandemic,False
Close Petsmart Services in response to Covid-19 state of emergency,False
Venues should cancel South Padre Island Spring Break events to prevent COVID-19 exposure.,False
United Against COVID-19,False
I want people who are working during the Covid-19 pandemic to receive hazard pay.,False
Strongly Urge All Schools Closure in Edmonton for COVID-19,False
COVID-19 Requesting early release for Georgia work release program residents,False
Re-Open US Consulates for General Visa Appointments (Allowing Foreign Nationals to Travel),False
Close shopping malls  IMMEDIATELY to prevent the spread of COVID-19,False
I want the Covid Testing to be at an affordable price for ALL,False
UAW Local 2192 calls for covid-19 health and safety actions by Oberlin College,False
Allow 2020 Spring Sports to Continue Through the Summer,False
Postpone graduation!!!!!! DO NOT make it virtual,False
Stop Stephanie Alley from Potentially spreading the Coronavirus (CoVid 19 Virus),False
"Every penny counts- In case of death due to Covid, beneficiary to be granted tax exemption",False
Petition AGAINST Del Mar College School of Nursing Holding Back Graduates Due to COVID-19,False
"Student Loan Forgiveness for ""Covid-19"" Frontline Workers",False
Make UKZN shut down all campuses for an appropriate amount of time should COVID-19 worsen.,False
change school district grades from numerical to pass fail for 4th quarter due to covid,False
Hazard Pay For Transit Workers During Covid 10,False
Stand with Heine Brothers' Baristas during COVID-19 Outbreak: Give them the Choice!,False
Creat isolation hotel centers for COVID-19 self-isolation confirms,False
"Stop the barbaric wolf cull & poisoning in NWT, BC and AB",False
Extend JobKeeper For The Travel Industry Beyond March 28,False
Hazard Pay for COVID-19 Essential RI Workers,False
PM Modi: Tell Indian Men to Do an Equal Share of Household Chores in Your Next Speech,False
CONTRA LOS DESPIDOS EN ORANGE. ERE NO.,False
Coronavirus Europe - Let Google Vendor employees to work from home like Google employees,False
Opt-In and Implement AB 626 in Orange County,False
Chandler Unified School District must close schools until Covid-19 no longer is a threat,False
We want the COVID-19 Language Access Act!,False
Partial Reimbursement for University of Connecticut Spring 2020 Semester,False
Free 3 school teachers held in Italian covid centre for 2months. #FF3,False
Support for Farm Transitions and Sustainable Agricultural Practices,False
Demand that Micro-Businesses be priority to financial assistance for US COVID-19 relief!,False
Support Safe Schools for Saskatchewan,False
An Arts Sector-specific Rescue Package to Survive COVID-19 #HeartsForArts2020,False
Stop violence against doctors,False
Luxury Escapes to Honour Refund Policy Amidst COVID-19 Pandemic,False
Esami a distanza garantiti al Politecnico di Milano,False
Bring Thunder Bay District Out Of Lockdown and back into colour code system,False
Make Swiggy accessible with screen readers in Android for Visually Challenged People,False
Help change FL mandated clinical requirements for Nursing students in light of COVID-19,False
PETITION AGAINST PROPOSED CORONATION DRIVE WASTE PROCESSING PLANT,False
Shutdown Imperial county schools,False
Test Kits for CoVid-19 in Every City in the USA,False
Raise Awareness to Defeat COVID-19,False
Mary Seacole is now recognised as a  COVID-19  hospital in England,False
DONIAMO VENTILATORI POLMONARI AGLI OSPEDALI ITALIANI PUBBLICI,False
Housing for Healthcare Workers exposed to COVID-19,False
Student loan forgiveness for those working the front-lines of the COVID-19 pandemic,False
Luton mayor and councillors in breach of lockdown rules to resign,False
"Disinfect the streets, lobbies, transportation and stores everyday",False
In response to Okan University New payment schedule,False
Save 220k Massage Therapist's Careers  Covid-19 Licensed Health Care Economic Hardship,False
Extend COVID-19 Emergency Benefits / Prolonger les prestations d'urgence pour la COVID-19,False
Justice for Benny Davis,False
Demilitarize Walnut Creek Police Response!,False
"Rockford, IL Police Chief Daniel G. O’Shea Must Be Fired",False
URGENT! Irish Government Enact Vegan Law! to Stop COVID-19 & Stop Climate Change!,False
"""COVID-19 Relief"" for our incarcerated loved ones & DE DOC!",False
NO on SB20-163,False
Keep the test,False
"Name MUN's New Core Science Building the ""J. Fitzgerald Building""",False
Smoking Covid,False
"Halt Rent, Mortgage, and Utility Payments During COVID-19 Outbreak",False
#Don'tForgetStudents | #N'OubliezPaslesÉtudiants,False
Help the St. John’s University bowling team go to sectionals!,False
Lift Ban on Riding Road Registered Motorcycles During covid 19,False
Stop Allowing Flights with Covid Infected People to Land in Canada,False
"OPEN LETTER TO THE LEADERS OF THE COUNTRIES AND NATIONS OF THE EARTH

FOR THE POOR",False
Act now to save small businesses & start-ups - CBILS not available to so many...,False
"Support for NY State Licensed, High-Touch Service Professionals During Covid-19.",False
"Postponement of Final examinations for Mithibai College,in regards to Covid-19",False
Rescind Abbott’s Execute Order GA-13: Biased Bail Restrictions during COVID-19,False
"$2,000/month for Each Adult and $1,000/month for Each Child during COVID-19 crisis",False
Approve direct access to COVID-19 rapid screening tests,False
Restrict Northern BC Work Camps to Essential Operations Only - Covid-19,False
No Mandatory COVID-19 Testing For Ohio Athletics ( OHSAA) & Let Spectators In all Games.,False
Shut down all Visalia Unified School District Schools to prevent Corona Virus,False
ALTERNATIVE GRADUATION OPTION FOR CMS SENIORS,False
Protect Hanover community from Wegmans,False
Alberta golf courses should receive an exemption from mandated business closures,False
Petition for Online Teaching in QUB under COVID-19 Threat,False
University and College tuition reduction in Ontario,False
The easing of covid restrictions,False
Restrict Incoming Maui Flights to Slow Spread of COVID-19,False
Urge “shelter in place” order for the state of Utah,False
KKTC GİRNE AMERİKAN ÜNİVERSİTESİ ÖDEMELERİNE İNDİRİM İSTİYORUZ,False
Give NJ Teachers and school staff immediate access to the COVID-19 vaccine,True
Demand Johns Hopkins Protect its Graduate Employees amid COVID-19,False
Re-open unused wards of University Hospital of Hartlepool during Covid 19 pandemic,False
Postponing the JEE MAINS Examination april 2020 due to COVID-19 outbreak,False
Don't let new immigrants fall through the cracks during covid-19.,False
Protect our TWU community from COVID-19 by suspending face-to-face classes and meetings.,False
Urgent Action Needed: Strengthen Ethnic Studies in Stockton Unified School District,False
No More Live Markets - make the difference,False
SAVE THE NORTHCOTE PUBLIC GOLF COURSE,False
Save Western Ghats from annihilation,False
Save Beacon Hill Park,False
Government of India: Don't Tax Medical Bills,False
NO FAILING @ UCR,False
WIAA - Let them play football!,False
#NoJailDuringCovid: Coronavirus Pandemic – Release the Bhima Koregaon political prisoners,False
Schedule Disneyland to reopen at a later date.,False
Proteggere Italia e Svizzera dal COVID-19 | Protect Italy and Switzerland from COVID-19,False
Cancel 12 th board exam,False
Close all CCPS schools to limit spread of Coronavirus,False
SAVE OUR FREEDOMS- No mandated mask-wearing,False
Appeal to the President of India on issues thrown up during lockdown,False
Waive off School Fee at Indian Schools in Oman due to COVID-19,False
Covid-19 Youth Brigades exploited,False
Protection from COVID-19,False
Change URI to Pass/Fail grading system (with a letter grade option) for Spring 2020,False
"Allow restaurants to offer outdoor ""Curbside Plus"" dining",False
Close Holland and Barrett Stores. (Covid-19 Crisis),False
Doug Ford: Reinstate the Covid benefit for all ODSP recipients,False
Petition for holidays in Colleges in concern of COVID-19,False
Protecting the Rights of Birthing People to Give Birth in a Safe and Supported Environment,False
"NSW Govt, under the Protection of Covid-19 will commence the slaughter of our Snowy Brumby",False
Duval County Beach Access (COVID-19),False
Save Local Flower Shops - Let Them Deliver On Mother's Day,False
Save Japanese Restaurants from Bankruptcy During COVID-19/防止日本餐廳業界破產倒閉之對策/일본 레스토랑 도산 방지 대책,False
Ticketmaster Refund Our Money Now! - COVID 19,False
"Make it ""Zoe's Law""..Ensure ALL moles/tags removed, are tested BY LAW for melanoma cancer.",False
Get British performers home from cruise ships #GetBenhome #Covid 19,False
Allow Antepartum Women to Have Support Partners in Hospitals During COVID-19,False
#PostPoneJEEandNEET in COVID,False
Larang Perdagangan Daging Hewan Liar di Indonesia / Stop Selling Wild Meat in Indonesia,False
Reverse Postponement of Winter & Spring Sports,False
#letthedjsplay,False
Pass all CSUDH Students for Spring 2020 with an A letter grade,False
"Father's Day Gift: Sebastien, Rosena and Amaika Arrived Safely with YOUR Help!",False
BRING BACK THE OLD FLAMIN' HOT LAYS FORMULA,False
Pakistan didn't cause the pandemic - racist British reports will increase hate crime.,False
Stop Australian Banks Charging Interest during Covid-19,False
Denver Public Schools: SAFE Openings - 14 Days w/o New COVID Cases,False
Postpone UCLA Class of 2020 Commencement,False
NO IN SCHOOL EXAM COVID-19,False
Safeguard the Right of All Laboring People to Have Support During COVID-19 Crisis,False
TRUSD Must Condemn Anti-Asian and Racist Behavior,False
¡Medidas MÁS SERIAS para enfrentar el COVID-19 en Miami!,False
Shut Down PISD schools during Covid-19 Outbreak,False
Renew I Am Not Okay With This,False
Scotland Back in the EU,False
Government of Ghana Must Implement the National Health Laboratory Policy,False
Freeze Rent for All NYC Residents,False
Closure of educational institutes due to multiple outbreaks of COVID-19 in Pune .,False
Spring sports for International leadership of texas,False
Temporary online classes for HELP students due to covid-19,False
Dominos Employees Demand COVID-19 Hazard Pay,False
Make FUHSD Classes Accessible Online,False
To impeach Governor Ron DeSantis for neglecting his duty to protect Floridians from COVID,False
Partial Refund of Fees for Curtin University Malaysia,False
ICE: Do not deport International Students,False
Free data for students,False
300 Trees being removed for redevelopment by Kejriwal Ji's Govt in Ayur Vigyan Nagar Delhi,False
A CALL TO ACTION FOR ESSENTIAL HEALTH & FITNESS. RE-OPEN OUR GYMS IN ONTARIO!!!,False
"Anchorage, AK: Repeal Emergency Order 15 to Help Our Community",False
COVID-19 TOTAL ENTRY BAN: ZAMBIA MUST CLOSE ITS BORDERS AND AIRPORTS IMMEDIATELY,False
No detriment policy for UWE Bristol,False
FDA expedite review and approval of lifesaving Cuban antiviral for COVID-19,True
Zero Percent Interest on Credit Cards during COVID19,False
"Make Corona Testing Free in India.
(Including Pvt. Hospitals and Clinics)",False
Petition for Nirma University to take preventive action against COVID 19,False
Hazard Pay and Family Leave for Walgreens Employees,False
"4-POINT THOMASIAN DEMANDS: FIGHT FOR OUR WELL-BEING, LIVELIHOOD, AND DEMOCRATIC RIGHTS!",False
Make masks mandatory in South Carolina,False
Pay PetSmart Employees While on Leave,False
"Wedding, Event & Creative Professionals Covid-19 Relief Fund",False
Dental Hygiene High Risk Occupation for exposure to COVID/19 Ensuring Personal Safety,False
Allow college students to pass during the COVID-19 pandemic.,False
HBUHSD DISTRICT SHUTDOWN FOR COVID-19 (CORONAVIRUS),False
Support Peoria Academy During The COVID-19 Crisis,False
Concerning the Safety of Soccer in a Covid-19 World - A Letter to Governor DeWine,False
Suspend Online Classes or Refund Our Money,False
Keep kids in extra curricular activities in ND.,False
COVID-19 crisis -more Australian music to be played on Australian radio.,False
Extend financial package to cover losses of covid19 lockdown to small businessman also....,False
Australian Medical Schools Must Consider an Opt In/Opt Out System for 2020 GPA Results,False
COVID-19:Provide Work From Home to all employees before it's too LATE. Health is important,False
Make small grants/funding available for Self Employed & Freelancers during COVID-19,False
Το Σπίτι Δεν Είναι Ασφαλές Για Όλες / Home Is Not Safe For All,False
Partial tuition refund due to the COVID-19 virus causing classes to go online,False
Bryn Mawr College COVID-19 Credit/No Credit Spring Semester,False
"Save Our Future Teachers - Support, & Share",False
Save Services for Those with Developmental Disabilities During Covid-19,False
PASSING GRADES FOR ALL STUDENTS FOR THE SPRING 2020 SEMESTER!,False
Kenyan Citizens requesting IMF to withhold any loans or grants to the government of Kenya!,False
Tell west Virginia representatives to not make hazelton/gilmer prison a quarantine site,False
Save Georgia Disability Services,False
Protect Doctors Nurses & Medics against punitive litigation during & after COVID-19 Crisis,False
Safe Staffing during COVID at Emanate,False
Help International Students Stay at The University of Texas at Austin!,False
The Immediate Issue of Travel Documents for Sarah's children to come to Canada,False
Environmental Impact Assessment Notification 2020-Withdrawal,False
ISO: Give engineers the Standards needed to build ventilators in fight against COVID-2019,False
Protect People in Long-Term Care,False
Please facilitate 14-days-self-quarantine of Iranian new immigrants,False
Waive EDD False Statement Penalty Weeks during COVID 19 for Claimants in Good Standing,False
Bring back McDonald's SNACK WRAPS!,False
Pay rise for frontline NHS staff tackling COVID-19,False
Allow Cigarettes and Tobaccos during COVID-19 lockdowns,False
Family pleads for compassionate visits in father's dying days,False
"Immediately Enact Vegan Law to Stop COVID-19, Climate Change, Rescuing Our World!",False
Time to Save the New York YMCA Camp from Potential Sale,False
Supermarkets: Stop Selling Suffering!,False
Give Oregon Kids What They Need to Learn to Read!,False
Allow spa and leisure facilities to demonstrate that they can reopen safely.,False
Compensate hospital locums and locum GPs from Covid 19 self-isolation income loss,False
Removal of payment of compulsory payment of ₦52000 covid test upon arrival in Nigeria.,False
Levez les sanctions contre l’Iran pour lutter contre l’épidémie de coronavirus !,False
Freeze rents & mortgages for the duration of Coronavirus,False
COVID-19: BE PROACTIVE NOT REACTIVE,False
Require Vaccination Options for WA Teachers & Students before returning to school.,True
Respiratory Therapists Deserve Hazard Pay,False
Relaxation in EMI due to COVID-19. Appeal to Govt. of India for 6 months relief.,False
Support Louisiana Vote-By-Mail,False
Stop Evictions in Whittier - COVID-19,False
PASS/FAIL Grading Option for Spring 2020 Semester at the University of Miami,False
30% Pay Cut for Top 10 City Managers,False
Justice For Jamaicans Against the Jamaica Public Service (JPS),False
"#MoveAsOne: Affordable, Efficient, and Humane Public Transportation for Filipinos",False
Give NAIA Athletes Another Year of Eligibility,False
Support and clear guidance for the reopening of baby and toddler classes and groups.,False
"UArizona COVID-19 Response from Coalition of Concerned Faculty, Staff, and Students",False
COVID and Poverty,False
Keep independent Texas restaurants alive during COVID-19,False
Allow Tattoo Shops in NV to reopen in Phase 2,False
Sailors need lifesavers too!!! Wake up world!!!,False
Save Tennessee’s Zoos and Aquariums,False
Doug Ford: Allow Horse Racing to Continue,False
Shift semester end exams in VTU colleges to online mode due to pandemic situation.,False
President Trump: Fight for Monthly Stimulus Payments and be a Hero to the People,False
Justice for EMS,False
Ask Gov. Polis to announce a COVID-19 Relief Package for Food & Bev,False
Stop Exposing Sanitation Workers through Open Bin Garbage Collection,False
Shut down and clean Amazon facilities that test positive for COVID-19 EWR9,False
Illinois for Remote Learning,False
Pay the £500 bonus to all Scottish healthcare workers,False
LAX Employee Busses & COVID-19 Precautions,False
"Help St John become fully funded, it's a travesty they aren't already!",False
International healthcare workers to be able to relocate overseas with minimal ielts hussle,False
Pay the Student Nurses and Midwives,False
Suppression totale des prélèvements CARMF pendant la durée de la crise Covid,False
Shut Down UVIC and Keep Students Safe,False
DO NOT OPEN OUR SCHOOLS DURING COVID-19 CRISIS,False
The Iranian people suffering from Coronavirus; Lift All Medical Sanctions Now,False
NOW! Support House Resolution 151 to protect AAPI communities from hate and bias attacks.,False
Hundred of Myanmar doctors are in turmoil for UK job/exams due to closure of local VFS,False
GOV. BROWN: OPEN POOLS IN OREGON TO COMPETITIVE SWIMMERS IN PHASE 1,False
Request to Make NC A&T Spring 2020 Courses Pass/Fail due to COVID-19,False
De-Densify Cornell's Ithaca Campus By Rescinding Jessica Zhang '24 Acceptance,False
#FlattenTheCurve: Order Stricter Implementation of “Work From Home” in Companies,False
GYMS VS. THE STATE OF ALABAMA,False
A law to close entertainment venues during the COVID-19 outbreak to safeguard jobs.,False
Keep Doulas in the Hospital Supporting Moms during COVID-19,False
Cancellation of final year exams as the risk of Covid 19 spread have increased.,False
"Pettion to Allow for Outdoor, Socially Distanced Workouts",False
"In wake of COVID-19 slowdown, guarantee the American people a Universal Basic Income",False
Cancel Rent and Mortgage Payments during Covid-19,False
HOLD INDIA ACCOUNTABLE FOR HUMAN RIGHTS VIOLATIONS IN KASHMIR,False
Change USF Class Grading to Mandatory Pass/Fail for Spring 2020  Due to COVID-19,False
Urgent resources for COVID-19 in Indigenous Communities,False
Petition to reconsider the decision of eliminating the University of Hartford Spirit teams,False
FLORIDA PRISONERS COVID-19,False
$2000/month to every American #moneyforthepeople #covid19,False
Ontario needs to allow salons to open before they lose their businesses!,False
Temporary Hazard Pay For Grocery Workers During COVID-19 Pandemic,False
BAME LEADERSHIP: A DEMAND FOR A COVID-19 RACE EQUALITY STRATEGY,False
Force Banks to Give Mortgage & Payment Holiday,False
Bring back Maldivians stranded in Malaysia due to Covid 19,False
Require masks in grocery stores to fight COVID-19,False
Access to Covid-19 swabbing for symptomatic NHS and frontline emergency services,False
"AirAsia Should Refund Its’ Customers with Cash Refund, or at least Provide The Options",False
Unmask our children,False
Improve the Mobile Network : Fix Minimum 4G Internet Speed,False
Create a reopening plan that allows internationals to stay in the U​.​S.,False
Audit PMCARES FUND,False
Atlanta Spa Shooting of Asian Women is a Hate Crime,False
"Extenuating Circumstances for international students, University of Surrey",False
"Smithfield has case of COVID-19 in facility in Sioux Falls SD, should shut down for 2 week",False
Close Surrey School District's schools due to Coronavirus spread,False
Make school covid-19 safe,False
Stop the Corona Virus: Close the New Zealand borders: Save the local economy,False
Don’t force students to physically attend school on May 16 in New Jersey.,False
Shutdown PartyTown Guelph to prevent the spread of COVID-19,False
Priority covid-19 testing for healthcare workers with symptoms,False
Africa WILL NOT be the testing ground for the Covid-19 vaccine,True
Shut Down Alabama,False
Save the Graffiti Highway,False
Compensation for Covid-19 fedEx Ground Drivers.,False
Cancel AHSEC board exam,False
Prepping for Tourism Re-Opening to Avoid a COVID-19 Hotspot at Laniakea Beach,False
"Declaration for Change:
Families Advocating for Compassionate Eldercare (FACE)",False
Suspend Boston Exam School Admissions Testing for One Year!,False
Corona-Schutz für Obdachlose - sofortige Unterbringung benötigt!,False
Covid-19 Impfung für Schwangere!,False
STOP the Construction of a New Hog Confinement in Poweshiek! Save Our Air and Water!,False
Temporary Moratorium on Evictions Due to COVID-19 Financial Hardships,False
Cancel Utility Payments for Belizean Households,False
Extended Temporary bonus COVID-19 Pay,False
Dentistry in South Africa needs your help after the COVID-19 pandemic!,False
Food companies need to set purchase limits!,False
NHS Payrise post Covid - 19,False
Subir el limite en los ayudas de alquilar,False
Protect our Healthcare workers during the COVID-19 War!,False
Personal protective equipment (PPE) is essential to protect health care workers,False
Close Schools during the COVID-19 pandemic,False
Immediate Relief for Rent/Mortgage/Utility Bills in Michigan due to COVID-19,False
Loan forgiveness for nurses actively working during Covid -19,False
Get lawmakers to take action on homelessness,False
India can defeat COVID-19 with more investments in nutrition,False
Banks should freeze mortgage to survive the current COVID-19 shutdown.,False
Save weddings & events! Create an Advisory Group to consult on safely reopening Ohio,False
Stop the immigration ban of Doctors and Nurses and lift the deployment ban for HCWs,False
Allow 17 Year Olds to Receive Their Driver's License In New Jersey Without The Road Test,False
Second chance for seniors!,False
Elderly Woman Battling Breast Cancer Needs Urgent Commutation of Sentence,False
Federal Assistance for Regional Airlines,False
Close Beaverton School District COVID 19,False
Allow Ontario's young athletes a safe return to sports,False
Postponement of GATE 2021 exam due to pandemic situations,False
ECFMG Certification without Step 2 CS,False
Fair treatment of freelance artists during the COVID-19 crisis,False
temporary close campus due to concerns of coronavirus(COVID-19),False
Reform of the Dental Council of New Zealand,False
Arizona Suspend mortgage/rent and utility bills during mandatory Coronavirus shut down,False
#CloseCrownCasino during the Coronavirus Pandemic,False
COVID-19: Demand Serious Action on Health Crisis!,False
"Lakehead, Help Students During COVID-19",False
Utah: Slow the COVID-19 Spread with Mandatory Masks,False
Force Dillard’s to close their Doors,False
Make July 2021 Graduation Happen for Uni of Liverpool Students!,False
Clear the California DMV Backlog: Allow Licensed Driving Instructors to Approve Drivers,False
Reunir fondos para llevar a mi mamá a un hospital particular para que la atiendan,False
Shut down schools in VVSD 365u due to COVID-19,False
"DEAR PRESIDENT UHURU, WE CAN'T BREATH!",False
Open the QLD border to postcodes that have no active cases! Zero Covid = Not a hotspot!,False
Cancellation of ib exams for generations 2020 2021,False
"Suspend Rent, Mortgage, & Utility Payments During the Covid-19 (coronavirus) Pandemic",False
Appeal to reduce university tuition in JA now that classes are online amidst COVID-19,False
Demanding Hazard Pay for Instacart Workers: The Frontline of COVID-19,False
Free parking for hospital staff during COVID-19 pandemic in Canada.,False
CERB Must Include Students and Seasonal Workers Unable to find Work,False
Stop Increasing Rent During COVID-19,False
More medical supplies needed,False
Slow/Stop Spread of COVID-19 in Milpitas (@WeAsk2Mask),False
WCPSS Ignoring Parents: Tables Still Cleaned With Water Only,False
"Keith Rowley, Fire Yourself!",False
COVID-19: Please allow parents to keep school children at home without repercussions,False
No! to Miramar Furlough,False
Help International Students return to Australia before 2021!,False
Eat Healthy. Avoid pork and scavenger meat - it makes you sick.,False
Protect our migrant workers from Covid-19,False
COVID 19 AND CANCELLED FLIGHTS,False
Require Frequent COVID-19 Testing at Villanova,False
Help stop the destruction of 400 million-year-old Ainslie Volcanics,False
Postpone or cancel VTU semester exams due to COVID-19 fears.,False
Stop the demolition of the Monument of Anti-Chico Dams Struggle Heroes,False
Make Northeastern University a Sanctuary Campus,False
"LMU, do right by your students.",False
St. James Town Urgently Needs Space for Food Security,False
Protect the arts from economic devastation following COVID-19 closures,False
Don’t relax lockdown until the NHS has sufficient supplies of PPE,False
"CANCEL BOARD EXAMS! 
HEALTH>>EXAMS",False
Get all school staff and nurseries vaccinated over Feb half term so schools can reopen,True
"Vote of no confidence in Willie Walsh, Alex Cruz & the British Airways Board",False
Covid-19 vs. Prisoners,False
Close all New Jersey schools due to COVID-19 virus,False
Launch a COVID-19 Vaccination Program for the West Bank and the Gaza Strip,True
Local Fire Sirens - should be heard!!,False
SAVE THE PORTLAND CHILDREN'S MUSEUM,False
6 Demands from NHS staff to help us tackle Coronavirus,False
Make 0% Interest Student Loans Permanent,False
Full Lockdown from government of Malaysia due to Covid 19 spreading.,False
"Support fair pay for NZ's aged care nurses - PETITION CLOSED WE REACHED 15,000! THANKS!",False
Rollins College's Spring Semester changed to PASS/FAIL grades due to COVID-19,False
RESCHEDULING OF IIE GRADUATION,False
Justice for 89-year-old Asian American Hate Crime Victim,False
India - Immediately Designate Private Hospitals as COVID Govt Hospitals Until COVID clears,False
Save the saviors,False
Save John Lewis Peterborough,False
Reduce the 4700 rm quarantine charges or home quarantine for international students.,False
Shut Down All B​.​C Schools Due To Covid-19,False
Hold Town Sports International Holdings financially liable for holding accounts COVID-19,False
Reduce OSU tuition-and-fees cost in response to COVID-19 and remote learning changes,False
Government must honor Doctors & Frontline Workers who died as Covid Warriors with medals.,False
RECALL TEXAS GOVERNOR GREG ABBOTT,False
A second stimulus check for Americans!,False
"COVID-19 Single parents and guardians of minors must not work, the government must cover t",False
Rapid testing for COVID-19,False
uOttawa Make Pass/Fail an Option for Classes the Winter Semester due to COVID,False
Null and void the Premier League,False
Free public transport for NHS staff to accompany 1% pay rise,False
PM please give immediate COVID Insurance cover to all NHS staff,False
SAY NO TO OSHA PROPOSED PERMANENT RULE,False
(NTU) - Viewing of results before deciding to S/U,False
Postpone CBSE Board Exams,False
Pay rise for paramedics and nurses,False
Too Soon To Open Georgia!,False
Request to reconsider DPS Ruby Park school tuition and transport fees for COVID-19,False
Covid-19 Aesthetics / Salon / Massage Industry Warning & Economic Impact,False
Pause classes and encourage online classes to reduce the spread of Covid-19 in AMCKK,False
Allow Salons to Operate with New Health Guidelines,False
Open Letter to the AAMC Concerning the Medical School Application Cycle During COVID-19,False
Canadian Nurses Deserve Hazard Pay For Pandemics,False
Maharashtra demands Resignation from Uddhav Thackeray,False
BC Health | Mandatory Mask Usage Across BC Shared Public Spaces,False
Close Seattle Central College Campus Due to COVID-19 Death in Washington and New Cases,False
Rescue Australians Stranded in Peru due to Coronavirus,False
Improve COVID-19 Procedures In Correctional Facilities,False
Shut down Rosebank College,False
Stop Wildlife Medicine in China,False
Close Pace University NYC campus due to spread of COVID-19,False
Wearing face masks in public should be made mandatory by government to prevent COVID-19,False
Open Canada VACs in India,False
Reduction on Vehicle Insurance rate during COVID 19,False
Safeguard the Right of New Jersey Laboring Women to Have Support During COVID-19 Crisis,False
Petition for a Gradeless Semester,False
Davis Student Lease Cancellation and Rent Relief,False
Save the Hazlitt,False
Postpone CA exams for COVID Safety Reasons #CAExams,False
Humanitarian Appeal to Release Maulana Delawar Hossain Sayedee,False
Remove the CalTPA as a requirement for teachers in current educational programs,False
Extend the validity of PLABs and the English language test by the GMC,False
Release Safoora Zargar,False
Postpone 10th and 12th boards exam due to rise in Covid19 cases.,False
Fair rights for students during covid,False
Unmask Iowa's School Children,False
To allow Malaysians with valid work pass to travel in and out of singapore,False
Keep Omaha Public Schools Online Until COVID-19 Controlled,False
Joe Biden Must Step Down,False
"Central University of Lucknow is conducting exams from 16th , risking the health of studen",False
Financial Support for International Students in Australia facing hardships due to Covid-19,False
Freeze rent payments,False
"Animals are in pain, name groomers as an essential service in Ontario during COVID-19",False
2020-2021 Basketball Season,False
Save Schmidt,False
All frontline NHS staff to receive testing for COVID 19 if symptomatic.,False
"Hazard Pay for ""Essential"" workers",False
#FreeDarik,False
Start international flights in India,False
Please make masks mandatory in Georgia,False
Suspend Central Vista Project and Spend the Rs 200 Billion to Fight Covid-19,False
#LoveIsNotTourism: Petition for Binational Unmarried Couples to Reunite During Covid (US),False
Protect our children!!! Demand Covid release,False
Fight covid 19 san quentin,False
"Save the Coral City Camera, Don't Allow Disney Cruises to Destroy Our Urban Reef",False
Longer exercise hours - level 4 covid restrictions,False
Release Non-Violent Offenders in Prison Camps due to COVID-19,False
THE FATE OF AMAZONIA AND ITS GUARDIANS IS LINKED TO OURS - EUROPE MUST ACT IMMEDIATELY,False
Allow Reboot to open in San Francisco with COVID-19 safety precautions.,False
Petition to register Mesut Ozil in Arsenal's Premier League and Europa League squads,False
Arizona Stay At Home Orders : COVID-19,False
Petition: to award general promotion to students in colleges associated with BU Bhopal.,False
"Compassionate medical release for Previn Coleman, amid COVID 19 crisis in Elkton FCI Ohio",False
Guru Gobind Singh Indraprastha University FINAL YEAR EXAMS TO BE CONDUCTED ONLINE.,False
Let Wisconsin Golf,False
SAVE DEL MAR HORSEPARK,False
Stop MANDATORY  Covid Testing for Suffolk County Athletes,False
Shut down construction sites to prevent the spread of covid 19,False
Have the RIIL to allow Mount Saint Charles and Hendricken to play the championship games,False
"Transparency, Testing, and Online Instruction to Prevent a COVID-19 Outbreak at Mizzou",False
Lower SDSU Cost of Basic Tuition and Fees Due to COVID-19 and Transition to Online Classes,False
Protect Skateboard Retailers and Skateboarding As Essential Transportation During CoViD-19,False
Extend JobKeeper for Travel  Agency Agents and Mobile Travel Agents (Sole Traders).,False
The Heritage Private School: reduce payments for educational services during COVID-19,False
Keep Schools Closed Through COVID-19,False
Give Dolly Parton the Medal of Freedom,False
OUR LOVED ONES ARE DYING! Stop shielding nursing homes from liability!,False
Stop Greyhound Bus Lines from NYC,False
#FREE Donte Epps,False
COVID-19 IN Georgia's Prisons Rise,False
PROTECT OHIO’S FARMWORKERS FROM COVID-19,False
NO to the COVID-19 Public Health Response Bill,False
Pressure ICBC to Waive/Defer Monthly Insurance Premiums,False
Meralco: Bill Shock during the Covid Crisis,False
Stop Livermore Airport Expansion that includes new FBO & B737s. Reduce small plane noise.,False
Allow international students to remain in the U​.​S. to complete or continue their studies.,False
Minnesota Allow for the Operation of Guided Fishing and Charter Boat Captains,False
"Call for the resignation of Greg Glassman as CEO of CrossFit, Inc. #CancelGlassman",False
#SuspendOnlineClassesNOW,False
Lasershows statt Feuerwerke! #böllerfrei,False
Protect the UNT community from COVID-19 by suspending face-to-face classes and meetings.,False
Ban Gas-Powered  Leaf Blowers During COVID-19 Stay-At-Home Advisory in Massachusetts,False
"British people STILL showing support for Boris, despite the biased left media",False
"Separate Quarantine Wards, Med Check-ups for Women & Children in Jail",False
Keep Dr. Annie Bukacek on the Flathead City-County Health Board,False
"Stop Supporting Animal Cruelty, Tropical Smoothie Cafe!",False
Covid-19 Airbnb Hosts Economic Hardship,False
COVID-19,False
COVID-19 Impact: Need waiver for Small & Medium Business owners.,False
"Allocation of 20M to each Mp should instead go support health centers, doctors and nurses.",False
Abortion must be accessible for women across the EU,False
Conduct Final Examination for students in Online Mode to prevent risk of Covid Infection,False
"Request to set up a Covid 19 testing laboratory at GTA region, West Bengal.",False
Tamil Nadu needs to close colleges due to COVID- 19  Do You agree?,False
"LET'S GET HOUSE BILL 1532 PASSED, REDUCE JAIL & PRISON POPULATIONS FROM SPREADING COVID-19",False
Postpone/Cancel CAIE's in Pakistan May/June 2020 due to Coronavirus outbreak.,False
Release Currie Hall Residents from Leases Amid COVID-19 Pandemic,False
Allow Parents in Botswana  to Purchase Baby & Children's Essentials for the Winter,False
Save covid-19 old infected patients across the world,False
Change to Durham University Assesment in light of COVID-19 Pandemic.,False
Hospital visits to be permitted to critical patients who need their loved ones around them,False
Extend education loan grace period to support the graduates struggling to find jobs #COVID,False
COVID-19 Isn't Over and We Need Help: Tell the Senate to Pass the HEROES Act Immediately,False
Uso de mascarillas obligatorio en España para COVID-19,False
Hobart City Council should allow health workers to park for free during COVID-19 crisis.,False
Less Schoolwork during COVID-19 Quarantine,False
Requesting Free State Gov to provide list of companies who received Covid-19 Relief Fund,False
Allow Cruise Ships to come to Alaska,False
Doula Support in Nebraska Hospitals during COVID-19 Outbreaks,False
Cancellation of semester exam 2019-2020 and using our exam fees to Relief fund.,False
Announce holidays for teachers and non teaching staff to combat corona threat,False
Save Lives! Include ALL Diabetics in the COVID vaccine rollout in California,True
"#saveliveslivebetter-Walmart Canada, please help keep your associates and customers safer!",False
Summer 2020 Graduations to be POSTPONED not CANCELLED,False
Eviction Moratorium South Africa,False
Students concern related to fees submission amid this covid.,False
Cancel school for at least two weeks to slow down the spread of COVID-19,False
Protect Inmates And Correctional Facility Staff Against Covid,False
A green recovery from COVID-19 in Northern Ireland,False
Expansion of covid related subsidies to new businesses,False
Demand Science-Based School Reopening Criteria in AZ!,False
Stop all air travel to Ireland from covid hotspots in the US,False
新型コロナウイルス感染拡大に伴う差別行為＝「コロナ差別」に際して日本政府に対策を求めます ー #差別を許さない,False
"Cancel International A Level & IGCSE Exams 2021
(CIE & Edexcel)",False
La entrada de las Doulas al proceso de parto junto al acompañante de la paciente.,False
Shut Down Leeds Arts University for COVID-19,False
STOP THE COVID-19 VACCINATION CAMPAIGN,True
Pass all the CFISD students for the spring semester,False
Close All Educational Institutions for Teachers and Other Staff #KeepTeachersSafe,False
Alberni Grocers: Seniors-Only Hour Will Save Lives,False
Lower USask Tuition Rates for 2020/21,False
OFW DOLE Akap must be available to all OFW Landbased and Seabased.,False
Rakyat Dan LPP-TIPIKOR RI Mendesak Pemerintah RI Lakukan Kesepakatan Dengan UN-SWISSINDO,False
Make Insurance Companies Grant Full Benefit Access During Covid,False
�Act Now: Temp Las Vegas Rent Freeze,False
Suffolk County Executive Steve Bellone and Dr. Pigott (Suffolk DOH): Let ALL Sports Play!,False
Divert military spending to global covid relief!,False
Petition to Congress to Provide Economic Relief to Independent Physicians and Practices,False
Closing of school during lockdown,False
COVID support for those who went self-employed in last year,False
CLOSE ALL CAMPUS of University of Toronto to prevent COVID-19 Outbreak,False
Demand UMD Prioritize Students over Profit in Changing COVID-19 Response Policies,False
Make COVID Data Transparent at NC State,False
Appeal to the UN to prevent imminent starvation and a humanitarian crisis in Eritrea,False
Stop the COVID-19 Madness!,False
Change High School Hockey in New Jersey To a Spring Sport,False
"Prisoners sentence to be reduced due to Covid 19 , full lockdown and  no visits .",False
Postpone UCLA's 2020 Commencement Instead of Cancelling,False
"Keep YOUR Allied HEALTH Practitioners OPEN!  
Ease the burden OUR medical system may face.",False
7-POINT PUBLIC HEALTH DEMANDS: COVID-19  ACTION STEPS,False
Extend the Government's Paid Parental Leave to pregnant women during the COVID-19 crisis,False
Save California Seniors from a Death Sentence,False
"Visayan Electric Co. (VECO), ECQ Overbilling REFUND Now!",False
Stop mandatory COVID 19 testing for admission for pregnant women,False
Tests massifs du Covid-19 par PCR et traitement hydroxychloroquine et azithromycine !,False
No school or ECE during Alert level 3.,False
Ban - Free or Complimentary breakfast & happy hours Nationwide,False
Cancellation of Semester End Examination,False
Death of NM Small Business,False
Extend Free School Meals Into The Summer Holidays,False
COVID-19: Award Predicted Grades to A-Level Students (Including Pre-U and IB),False
Make Colorado Public Schools Remote This Fall,False
Covid-19: Governor Reynolds please close the IA Schools for the rest of the school year.,False
"Suspend ALL rent, mortgage, and utility payments during the COVID-19 pandemic",False
Allow federal inmates in the bureau of prisons access to tablets during Covid-19 pandemic!,False
Declare the Road Accident Fund an Essential Service,False
"Urban Outfitters, JCPenney, C&A #PayUp for orders, save lives",False
"Let's save the life of Shani Abeysekera, the greatest detective of Sri Lanka",False
Crisis Pay: Give Frontline Healthcare Workers The Pay They Deserve,False
"Designate Occupational, Physical Therapists and Speech Language Pathologists as frontline",False
Keep the Americans from making a movie about how well they handled Covid - 19,False
Covid-19: Urgent action plan for the Labour movement!,False
Osteopathic Manual Practitioners in Ontario Should Be Considered an Essential Service!,False
Stop World Travel and call it finally a pandemic!,False
State of Hawaii to freeze rent and mortgage payments during COVID-19 pandemic.,False
NHS COVID Medal,False
"""Withdraw EIA 2020 Draft""",False
Hazard Compensation for Shipyard Employees during Covid-19 Pandemic,False
Hair Salons Are An Inevitable Business - Make Us Essential!,False
#карантинвбеларусь,False
UPenn petition to reduce/forgive/rebate spring 2020 tuition due to COVID-19,False
"Initiative to combat ""COVID 19"" through Public Awareness",False
Ripartire dopo il COVID-19: Legalizzare la Cannabis per il futuro dell'Italia,False
The University of Alberta shouldn't charge full tuition for online classes!,False
Call for Action: Defund the Winnipeg Police Service,False
Reinstate NCLEX Testing,False
STOP hydropower project in Arunachal’s bio-diverse Dibang Valley,False
Petition for Pass/Fail Option in Spring 2020 Courses at UTEP,False
¡Urgente!,False
COVID,False
Cancellation of Semester End Exams (Goa University),False
Release of non violent prisoners to prevent a dangerous COVID-19 outbreak in prison,False
"Suspension of Rent, Mortgage, & Utility Payments During the Coronavirus Pandemic",False
Optional Pass/Fail for UIUC,False
Open up Outdoor Dining,False
Colorado COVID-19 Housing Relief,False
Muhyiddin Please Resign / Muhyddin Letak Jawatan,False
Keep Davis School District students safe by keeping hybrid schedule.,False
HELP TO SHARE! UTM should conduct classes fully online! - Covid-19,False
Massive COVID-19 testing now!,False
COVID-19 ERADICATION in Australia,False
COVID-19 closing Casinos to contain virus,False
Allow Frontline Healthcare workers to keep their children.,False
Make it easier for families to close the accounts of a loved one who dies,False
"COVID-19 MAY GET ERADICATED, BUT NOT OUR UNIVERSITIES ATROCITY",False
ALDI USA: make COVID-19 raises permanent!,False
Stop Murrayfield Ice rink from closing it’s doors for good,False
COVID related travel restrictions in Canada,False
Include Sports Academies in Covid-19 Relief Fund. SAVE them from shutting down,False
Milwaukee should require masks in public places to protect residents,False
Navajo President Nez: Immediately Allow Diné Relief Efforts During COVID-19 Curfews,False
FIGHT POVERTY BY SUPPORTING DISTRIBUTED RESERVED CRYPTOCURRENCY IN NIGERIA.,False
Cancel 2021 GCSE & A-Level Exams,False
Rehabilitation of those affected severely by Amphan,False
Make Selling dogs illegal unless you are a licensed and accredited breeder,False
"Tell Governor Kemp: Shut down Georgia TODAY, Save Lives",False
Lorenzo (USC Off-Campus Student Housing) Rent Waived/Reduced due to COVID-19,False
Canadians Demand Interest and Debt Relief from Banks During COVID-19,False
Stop treatment of covid-19 patients in Wolfson Cystic Fibrosis unit,False
Freeze Law Society of Ontario & LAWPRO Fees due to COVID-19,False
Protect UNM Graduate Students amid COVID-19,False
"Mandatory Medical Cover, Safety Gear and Job Security For Journalists",False
REQUEST FOR SCHOOL CLOSURE DUE TO HIGH RISK OF COVID 19,False
Close Pinkerton Due To Covid-19,False
Запрет на перекладку плитки в 2020 году в г. Москве,False
North Carolina COVID-19 Housing Relief,False
CU Denver switching to Pass/Fail Grading in response to COVID 19,False
CLOSE Seattle University campus due to COVID-19 death and new cases,False
Cover COVID-19 treatment in #Aarogyasri Scheme,False
"Governor Gretchen Whitmer: Suspend Rent, Mortgage, & Utility Payments During Pandemic",False
Tell Solano Co. to keep community safe during COVID & send staff home for Teleworking,False
"équipements de protection individuelle minimale, frottis et responsabilité pour lutter!",False
Stop EMI Payments During Crisis,False
Grant work from home to IT employees around India,False
Open Adult Slowpitch Softball in California,False
Delay or start school in stages,False
Save Knaresborough Arts and Crafts centre,False
Covid-19 protection for police officers,True
Make the Government fund PPE for Pharmacies,False
MAKE GYMS ESSENTIAL,False
SAVE our Hokitika SPCA animal shelter from closure,False
Allow dog walking during SA lockdown,False
Release imprisoned journalists worldwide,False
Save Grandma from COVID,False
Illinois Schools Should Void 4th Quarter Grading and Pass All 2019/2020 Classes,False
Help Sac Library Staff Get Paid During Covid-19 Closures,False
Partial fee refund due to Universities closure in the midst of COVID-19 outbreak,False
We want the Ministry of Education to re-consider the decision for school reopening,False
"Justice For Mehali Pastrikos, Wade Williams & Miguel Pechay! Sentence Appeal! TF Inquest!",False
Government Support for NW Ontario Tourism #savesunsetcountrytourism Before It's Too Late,False
Protect Mirrlee's fields from a potential building development of  200 houses.,False
Reschedule NCAA Wrestling Tournament,False
"Reclassification of Micro Gyms, Pilates, and Yoga Studios in St Louis",False
Tax free earnings for all healthcare workers during Covid-19 crisis,False
UAL: Save Our Degree Show!,False
Change the theme of Splash Mountain ride in Disney Parks,False
Hair Salons to open in Marion County (Indiana) following social distancing rules,False
BPS  Covid Safety Metrics,False
Save South Norwood Library,False
Return high school sports to Ohio,False
Open Capitation Model Funding (FHO) to All Family Physicians in Ontario Urgently!,False
Petition to extend mid-semester break of NITJ in light of the COVID-19 outbreak,False
Закрыть высшие учебные заведения Москвы на карантин в связи с пандемией коронавируса,False
Open our Garden Centres,False
COVID 19 Beauty Industry Economical Impact - Canada,False
Covid Death Relief Fund,False
"Close all Australian schools, decrease the risk of COVID-19",False
Withdraw the freeze in hike of dearness allowance of central govt employees and pensioners,False
We need a Break from online classes and exams!,False
Covid-19 Economic Relief for Property Owners,False
Petition for Online Teaching in Nottingham Trent University under COVID-19 Threat,False
"""No detriment"" Policy for UCD",False
Salviamo la Repubblica dell’Arte di Frigolandia dall’assurda minaccia di sgombero,False
Annastacia Palaszczuk & Jeanette Young to make a national apology to Nathan Turner family,False
CHANGE THE AMBULANCE SERVICE STATUS FROM ESSENTIAL TO EMERGENCY AFTER COVID-19,False
Fair treatment for easyJet staff,False
Trump must resign for admitting to downplaying COVID-19,False
The New School: Aid Students with a Partial Tuition and Housing Refund,False
Release or Home Confinement for Federal Prisoners from COVID-19 Coronavirus,False
COVID-19 : Non à la fermeture du Parc Oméga !,False
Close School I dont want covid 19,False
Close USF campus due to the COVID-19 (coronavirus),False
Stop Missouri's DESE From Spending CARES Act Funding on a Standardized Test,False
Petition to ask Philippines Senator Koko Pimentel to resign.,False
Close Douglas County Schools due to COVID-19,False
Close South Coast Plaza Mall - Stop Covid-19,False
Request To Make NOVA Spring 2020 Classes Pass/Fail An Option Due to COVID-19,False
"Diabetes to be added in Clinically Extreme Vulnerable ""Shielding"" list for COVID 19",False
"Protect Haida Gwaii, and North and Central Coasts - Restrict Non-Essential Travel Now",False
Free and voluntary COVID-19 testing for front-line Nurses in Ghana once every week.,False
Open House Ban During Covid-19,False
URGENT: PROTECT OKLAHOMA'S INMATES FROM COVID-19 BY REDUCING OVERCROWDING,False
ALL colleges TEST OPTIONAL for Fall 2020 applications amid COVID-19 pandemic,False
Postpone UPSC CSE Prelims 2020 to August '20 amidst COVID 19 pandemic,False
Get CoVID Vaccines to Nepal ASAP and prevent a humanitarian disaster,True
Compensate Essential Workers,False
Amend Recent COVID-19 Restrictions for Personal Care Services in London-Middlesex from,False
Petition against COVID-19 & Quarantine Bill: Say NO! to abuse of power and human rights.,False
KCL Has Coronavirus Case: Petition to Have Online Classes by March 9th,False
School safety.,False
NCAA Covid-19 Eligibility Relief,False
RI State schools to STOP charging campus fees when classes are online.,False
Let these military pets come home!,False
Texas State: Cancel all online class fees.,False
Vermeiden von Pandemien - Schließung chinesischer Tiermärkte,False
Help SJSU Students Cancel Their Lease at The Grad in the Middle of COVID-19 Outbreak!,False
Suspend mortgage and rent payments during Covid-19 crisis in New Jersey,False
COVID-19 Response to Support Families with Disabled Children,False
Save Roma St Parklands,False
Guarantee UEA Final Year Students A Graduation Ceremony,False
Uber’s “ Clean Air Fee” to be paid to Uber Drivers as Emergency Situation ( COVID-19 ),False
End Brookings City Council COVID Policies,False
Make Google Education Services available for Iran,False
Queens Park Allotment Covid-19,False
Close UO Eugene Campus due to COVID-19 Death in Washington and New Cases,False
Life-saving measures to protect Louisiana Prisoners from COVID-19,False
Require Face Masks in Idaho Shared Public Spaces,False
Give Stanford Graduate Students Housing Flexibility w/COVID-19 Concerns,False
Allow International Students to stay in the U​.​S. even with institutions going online,False
Close schools over coronovirus,False
Tax relief for key worker during Covid-19 crisis,False
Grant all illegal migrants leave to remain in Ireland.,False
Allow Dorset Council powers to limit tourists and protect our local NHS from a second wave,False
Bring back the six sports impacted by the St. Edward's University Athletics budget cuts,False
Break due to the Pandemic,False
Don’t forget Ltd company business owners during COVID-19,False
Provisional licenses for eligible  teens in MA who are affected by COVID-19 shut down.,False
EUA Approval From FDA For Rapid COVID-19 Tests,True
STOP oil drilling in The Bahamas,False
Delay reopening of Arkansas Public Schools because of COVID-19. Protect our children!,False
LockdownPakistan- economic losses now or disastrous economic and human losses later?,False
Protect pregnant healthcare workers in the UK from COVID-19,False
Save Altitude Trampoline Park in Spokane Valley,False
Hazard Pay for Security Officers as Fontliners during COVID-19 Pandemic,False
Heritage Golf & Country Club - don’t kill beloved local kangas!,False
Covid-19 shouldn't stop academic Justice,False
Tell Jim Justice to lock down West Virginia,False
GDC & CoreCivic Prisons Covid Release Must Happen Immediately: Save Our Loved Ones!!!,False
Bring back some flight services to Queenstown,False
Governor Raimondo: Allocate federal COVID-19 relief funds to save RI small businesses NOW.,False
CANCELLATION OF DU EXAMINATIONS,False
"Covid-19 Support for Entrepreneurs, Consultants & Gig Economy & Part-time Workers",False
Open Smaller Gyms in Ontario,False
Les 10 réclamations urgentes pour lutter plus efficacement contre le COVID-19 en Belgique,False
Let 27 North Residents Cancel Their Lease Contracts Amid COVID-19,False
Faith in our ADOM Schools,False
CoronaVirus - Coventry University deadline extension,False
To get the Summit Athlete Gift-Bags,False
"Cheerleading,  Dance and amateur sports clubs to be included in Covid 19 Announcements",False
University of San Diego changes courses to online due to the spread of COVID-19,False
Father is dying from Covid19 & Plasma is his only hope and hospital won’t give it to him!,False
Stop companies Profiteering from £120 Private Covid-19 Testing!,False
Suspend Mortgage & Rent Payments in Maryland During COVID-19,False
Yoga Studios Are Not Gyms,False
"Save the dagwood dog guy,",False
Stop all animal transports during covid-19,False
"ОСТАНОВИТЬ РЕПРЕССИИ, ОСВОБОДИТЬ ПОЛИТЗАКЛЮЧЕННЫХ И  ЗАДЕРЖАННЫХ ПО ПОЛИТИЧЕСКИМ МОТИВАМ",False
Ensuring the safety and Respect of healthcare professionals in current pandemic scenario,False
Indiana for the Safe Return to Schools,False
Close Chipotle during COVID-19,False
Keep children out of school during the COVID-19 crisis,False
Save the fitness Industry from the economic effect of Covid 19,False
Petition to Reopen NYS Gymnastics Clubs,False
Implement a No Detriment Policy for University of the West of England,False
"Suspend rent, mortgage and utilities bill of Texas",False
Ontario MRTs/DMSs united to get the respect/recognition we deserve. COVID-19 Pandemic Pay,False
#CancelofflineexamsinKA,False
Spotlight on NJ Unemployment Lag during Covid-19 Shutdown!,False
SAVE THE CUNY STUDENTS,False
Urging the CSWE to reconsider field practice hour waiver due to the government shutdowns,False
McConnell and Schumer: Make it Monthly Stimulus Checks & Support the #PeoplesStimulus,False
NSFAS should provide students with Laptops to study during this pandemic of COVID 19,False
Declare Digital Learning plan for Education deprived school children of Rural Maharashtra,False
No to abandonment,False
NJ edTPA COVID-19: WAIVE edTPA for Fall 2020 Graduates,False
National Poetry Library SOS #NPLSOS,False
Make Ryerson courses pass/fail,False
Petition for PDPU to take prevention against COVID 19,False
GOVERNMENTS TO BAN ALL WET MARKETS-STOP ANOTHER COVID 19 OUTBREAK,False
"Gov. Kemp, Save Lives, Let Our Cities Mask!",False
No Colleges until Zero Covid Case in the State or until Vaccines are out,True
Stop Sussex from Sacking their Staff! Covid-19,False
PROTECT  OREGON  INMATES  FROM  CORONAVIRUS (COVID19),False
Contra o FIM da Saúde Pública Federal no Rio de Janeiro,False
A year tax free after the pandemic for all key workers who had to work through covid 19,False
KEEP GYMS OPEN IN CT,False
President Rule in Bihar,False
Make Covid19 tests available to care staff working with vulnerable elderly people in care,False
Open Outdoor Youth Sports Activities in Massachusetts,False
Travel Ban on US & Europe,False
Make all UWL (online next because of Covid-19) classes pass or fail for this semester,False
Ask Concordia University to Suspend All In-Person Instruction,False
Major retail chains should provide free home delivery to those most at risk from Covid-19.,False
"Continue to Subsidize Child Care, in Texas, during the Covid 19 pandemic",False
Advice the government of Botswana to temporarily close down schools amid covid 19 outbreak,False
COVID BCG Vaccine must start in countries with highest cases of infections NOT in Africa.,True
Governor Jay Inslee to forgive Rent/Mortgage in Washington State for 90 days,False
ATTN Governor Baker- Open Mass Training studios and Personal Training Safely ASAP,False
Pace University Petition - COVID-19 Pandemic,False
Pay NYC substitute para professionals during COVID-19 School Closures,False
A plea to the Universities during the time of this Pandemic,False
CARTA PELOS POBRES!,False
NO NASHVILLE GOP CONVENTION,False
Support BGU Students during Covid-19,False
HELP NS Veterinary Clinics Stay Open‼️,False
SNP MP Margaret Ferrier resign after travelling to London with a positive COVID test,False
Start drive-through community-based COVID-19 assessment centres provided by our Labs!,False
Promotion Of AKTU College Students to Next Semester Without Exam.,False
"Guarantee PPE availability for healthcare workers, both in government and private sector",False
University of Guelph COVID-19 - Move Classes Online,False
Get Finals Moved to Online Due to Corona Virus (COVID-19),False
“Freeze Rent and Mortgages during Covid-19”,False
UVM COVID 19 Protocol,False
Compensate Fees after Closure of Universities due to Covid-19 Pandemic,False
No MAGA Mural in Petaluma!,False
"Petition to Freeze Rent, Mortgage, & Utility Bills During Covid-19 Pandemic",False
Utah: Require Insurers to Pay COVID-19 Business Interruption Claims for Restaurants,False
Halt all catalogs sent through USPS for the 3 weeks leading up to the election,False
Shut down TORONTO COVID-19,False
"Partial tuition refund for students at Greengates, due to online classes.",False
Fund & Restore the SBA EIDL to help small businesses and gig workers affected by COVID-19.,False
No Karnataka CET in July,False
PETITION FOR ACADEMIC EASE,False
Demand Adequate Pay for Actra Toronto Members Completing Required COVID Testing,False
Protest against petroleum fuel price hike in India,False
Objection to Notice dt-12th Feb 2021 issued by Panvel Municipality for Property tax,False
Allow cancer patients to access treatment and clinical trials - please do not donate,False
Cancel Deanza Classes Amid Coronavirus Outbreak (COVID-19),False
Reopen pools now,False
Cancel B Tech Exams for intermediate semesters -KTU,False
LET US PLAY,False
Stop the deportation of Australian mothers and their children into abusive situations,False
AMEND the Law Indicating 3% Philhealth Premiums for Physicians and 0​.​5% Yearly Increase,False
Re-enact mandatory indoor masking as a basic public health measure.,False
Reschedule Class of 2020 Events!,False
Pass/Fail Grading Option at the University of South Carolina for this Semester,False
Addison Davis must RESIGN Immediately,False
Haramkan penggunaan dan penjualan rokok elektronik dan vape di Malaysia,False
Pelo Lockdown em TODAS cidades com +150​.​000 habitantes,False
Clemency for Bryon Russ,False
"Moderna, Pfizer, and CureVac: Ensure we can end the Pandemic. Help others produce Vaccine",True
Stop travel to rural holiday destinations in UK during Covid-19,False
Cerrar canal de SOY DAVID SHOW por violar cuarentena COVID-19,False
"Build bike lanes on Bloor, Danforth & Yonge now",False
REISEWARNUNG AUFHEBEN! - Mallorca is NO RISK zone.,False
ALL EXAMS / TESTS TO BE ONLINE,False
"Cherokee Co. Sheriff Spokesperson, Capt. Jay Baker Must Go!",False
The German government should cancel rents for international students till CoVid19 is over.,False
Petition for Online Teaching in LSE under COVID-19 Threat,False
Smaller Nonprofits Need Help Now To Survive COVID-19,False
Make CUSD Schoolwork Optional Due to COVID-19 Pandemic,False
Replacing the COVID Awareness Caller tune with Mayur Jumani's Remix version,False
Australian Dept of Education Duty of care failures COVID 19,False
Health care workers and Covid-19,False
"Indian Doctors battling COVID lack PPE, while IPL pays cricketers millions of dollars",True
Illinois  Schools Should Void 4th Quarter Grading and Pass All 2019/2020 Classes,False
Make UNF give us refunds for housing/ dining if we are forced to leave again due to covid,False
Change UT to a Pass/Fail grading system (with a letter grade option) for Spring 2020,False
Front line workers deserve hazard pay from Danbury and New Milford Hospital.,False
Regarding UC Irvine's Decision to Cancel 2020 Commencement,False
"IDPH, Cheerleaders Are Athletes! COVID-19",False
"Stop the spread of COVID-19: Cancel the 7/11/20 Trump rally in Portsmouth, NH",False
CoVid 19 Petition : To gain government support for small businesses in India,False
VTU is planning to conduct Offline exam over online semester - COVID is still rising,False
Demand a Green New Deal to save the planet after Covid-19,False
Protect Pregnant Healthcare Workers & Healthcare System from COVID19,False
Cuomo Close NYC construction during  Covid-19. Save peoples lives,False
"COVID-19 Pandemic: Supplies, Financial Support and Compassion for Humanity",False
Extend IELTS validity by a year following Covid-19 Pandemic,False
Commence Scenario 2 for High Schools and Revise COVID-19 Guidelines in Alberta,False
Petition to PM & FM INDIA: RELIEF FOR INDIAN LOAN BORROWER;EMI HOLIDAY! PLS BAN MORATORIUM,False
Facebook: Don’t stop the music!,False
Extend compassionate use of Remdesivir to health care workers,True
Impose trade sanctions for nations with unsafe bio-security in their (wet) meat markets,False
Lift the ban on alcohol sales in Barbados during the Covid-19 lock-down,False
"Housing Is Health! No Homelessness, No Rent Debt",False
Padma Vibhushan for Dr KK Aggarwal,False
Petition to lower the tuition fees for 2020/2021 sem 1 at Universiti Teknologi Malaysia.,False
MUHS should conduct online examination or Postpone MBBS examinations due to rising COVID,False
Release College Students From Off-Campus Housing Obligations During COVID-19 Pandemic,False
Get competitive swimmers back in the pool in PA!,False
Extend COVID-19 relief packages to temporary visa holders,False
Justice for Nikita Tomar,False
"Allow live meetings, conventions, and tradeshows to operate in Las Vegas at 50% capacity!",False
Protect Chesterfield's Special Education Students!,False
Forgiving rents in the time of lockdown due to Coronavirus,False
Move the Pop-Up Covid Test Centre away from the Old Town!,False
We Won't Leave Anyone In Our Community Behind During COVID-19 Pandemic,False
Tranparency Regarding Keller ISD's Management of COVID-19,False
Protect Orillia During COVID-19,False
Release all ICE Detainees Immediately,False
Unmask Elementary Children Outdoors (and all together).,False
Save Redrow/Crem skatepark,False
Give the elderly the first hour of supermarket trading during Covid-19,False
Close all MESA PUBLIC SCHOOLS because of COVID-19. Protect our Children!,False
#PostponeNEET_JEE,False
Cancel all further exams due to instability caused by COVID-19,False
Governor Hogan: Close preschools to protect childcare workers from the spread of COVID-19,False
Lower the age of breast cancer screening in Scotland - “Better screened than sorry”,False
Open Personal Training Studios During Phase 2,False
Tell Gov. Cuomo: Broadway Deserves a Seat at the Table,False
Covid 19: Repatriación de argentinos y residentes argentinos en el exterior.,False
NIRA to extend eligibility for athletes whose seasons were cut short,False
Protect Essential Autism Care in PA,False
Pass all classes of 2020 second semester,False
Concordia University students asking for the grading system this semester to be PASS/FAIL,False
Postpartum support for mothers in Newfoundland during COVID-19,False
Saskatchewan Needs a Better Back-To-School Plan,False
Petition for NSW Year 12 students to hold Graduation Assemblies and formals,False
"Lecce, DO NOT CHANGE MARCH BREAK AGAIN!",False
Postpone Highschool Spring Sports instead of Cancelling,False
Save Echo Park Lake,False
Proactively protecting the health of SHSU and Huntsville Amid growing concerns of COVID-19,False
Reschedule Rutgers University 2020 Commencement,False
COVID Outbreak: CLOSE DEVONSHIRE MALL,False
Re-opening of ALL Golf Facilities Immediately for ALL GOLFERS,False
Covid-19: give economic hardship relief to the hair & beauty industry – support UK salons,False
"Demand Visa, MasterCard, AMEX & Discover Reduce/Waive Certain Fees during COVID 19",False
Get Nassau County To Reverse The Postponement Of The 2020 Fall Season,False
Unemployment Relief For Independent Workers With Mixed Income Types,False
"""Play On""",False
Allowing athletic competition,False
Manitobans Demand a FAIR Contract for Nurses & Quality Patient Care,False
Close UC Berkeley Campus Due to COVID-19 New Cases in Surrounding Areas,False
COVID-19 Hazard pay for all 1199 SEIU healthcare workers now,False
COVID-19 Pandemic: Reinstate Premium Pay for Essential Employees in the State of Maryland,False
Impeach Michigan Governor Gretchen Whitmer NOW,False
Grace-Graduate final year UG students owing to Covid-19,False
82yr Old Woman Battling Leukemia Needs Urgent Commutation of Sentence,False
Online classes for Universidad europea de valencia (COVID-19 Emergency),False
Sack Dominic Cummings!,False
Support excise parity for Canadian craft distilleries,False
Include Australia's Already Disadvantaged in the COVID-19 Stimulus Supplement,False
CANCEL 2021 METRIC BOARD EXAM DUE TO THE WIDE SPREAD OF COVID 19,False
Make DUT shut down all campuses for an appropriate amount of time should COVID-19 worsen.,False
SAVE FAIRLOP SAILING SCHOOL FROM CLOSURE,False
"Governor Kim Reynolds: Suspend Rent, Mortgage, & Utility Payments During This Crisis",False
Deny Mike Harris the Order of Ontario,False
"Help undocumented immigrants
during the COVID-19 crisis",False
"Governor Andy Beshear: Suspend Rent, Mortgage and Utility payments during the Corona Virus",False
Open Fitness Facilities Premier,False
"Petition for all 2020 parents to be granted $3,000 baby support grant",False
"Stop coronavirus - call for permanent ban on commercial wildlife breeding, markets & trade",False
Release COVID-19 Child Care Data in MA!,True
Shutdown the University of Waterloo campus temporarily due to COVID-19,False
Punëtorët informal duhet të përfitojnë nga paketat e ndihmës financiare COVID-19,False
Pay Petsmart employees Hazard pay due to COVID-19.,False
Hazard Pay for Fred Meyer Employees During the Outbreak of COVID-19,False
Allow Michigan Youth Soccer Players To Return To Play,False
Academic Freeze,False
Stop vigilante Covid-19 roadblocks,False
Canada Should Ban Flights from Europe due to COVID-19,False
Close NBPS after Spring Break due to the outbreak of COVID-19 in Broward county.,False
Close QASMT For 2 Weeks (COVID-19),False
Target: Protect your team and community as Covid-19 surges on.,False
Restrict Maximum Monthy BCHydro Charges During Covid-19 Outbreak,False
Ensure Sir Richard Branson sells private assets before being bailed out by the government.,False
Cancel Lucknow University Exams! Mass promotion of students is an option.,False
Norwich University students to remain off-campus in response to COVID-19,False
COVID-19: Change to The Leaving Cert 2020,False
Personal Protective Equipment (PPE) and COVID-19 Health Care for NYPD Officers,False
Allow ski hills to operate during Ontario lockdown,False
Stonewall Jackson Cemetery Name To Remain The Same,False
Bring the AFL grand final to Perth,False
INTI SHOULD CANCELLING ALL PHYSICAL CLASSES TO REDUCE SPREAD OF COVID-19,False
COVID-19 Support for International Students,False
Gofundme deve eliminare i contributi x  le raccolte COVID nel mondo e donare agli ospedali,False
COVID vaccines for California teachers,True
Corona Virus Kenya: Petition to STOP all flights from CHINA & #COVID-19 hotspots,False
Cancel School for CPS,False
Provide federal financial assistance to renters affected by COVID-19,False
COVID-19: Suspend classes and Encourage online teaching at Coventry University,False
Sénégalais de l'extérieur victimes du COVID-19,False
Demand Congress Provide Free School Meals To Every K-12 Student In America,False
Lower Temple University Fall 2020 Tuition,False
AOTA Needs to Address Murders of Black Men and Women to Support OT's Diverse Community,False
Force Big Chain Supermarkets/Takeaways to Drop Delivery Fees During the Covid-19 Pandemic,False
BAN USE OF CHEMICAL CROWD-CONTROL AGENTS DURING THE COVID-19 PANDEMIC,False
Allow virtual HBUHSD teachers to continue instruction online,False
"Tell Governor Newsom to Release Patricia Wright, A Blind Grandmother with Terminal Cancer",False
"Demand to grant  PR Status to Work permit holders, Refugee Claimants and Int. Students.",False
PLEASE SHUT DOWN and CLEAN Amazon facilities that test positive for COVID-19,False
Please Let Massachusetts Golf,False
Stop Deportation- Mother faces deportation that would take her away from her daughter,False
"The stoppage of Justin Trudeau's ""assault weapons"" ban",False
Allow Businesses and small traders to resume in Mumbai.,False
"With The world facing a Covid-19 pandemic, Unisa exams to change from seat-in to portfolio",False
DSTV should give S​.​A. subscribers a payment break or decrease prices during Covid-19,False
Do not transfer our Municipal Commissioner until Covid is eradicated,False
Cover Covid19 Exposed or Contracted Longshore Workers Under Federal Compensation.,True
"SAY NO to using the Wyndham, Fresh Meadows to House 100 Former Inmates and Sex Offenders!",False
Postpone VTU exams,False
Help convince Inslee and WIAA to allow HS spring sports to resume,False
NZTR: Shifting the two Guineas Group One races north will ruin Cup Week in Christchurch!,False
Language Education in the Time of COVID-19,False
COVID-19 Test Kits,False
COVID 19 IN PRISON,False
Get Waled Home,False
Make pass/fail available for Mississippi State Students for the 2020-2021 academic year.,False
Governor Doug Burgum to Issue Mandatory Shelter-in-Place Order,False
Early release due to covid 19,False
Medical professionals need protection and gear to fight Covid 19 !,True
"Save Gilroy Recreation - Theater, Aquatics, Preschool, etc.",False
Class of 2020 to get their certification,False
Calling for Disability- Inclusive Response to Covid-19 Pandemic in the Philippines,False
Open the 2020-2021 School Year Traditionally in Shasta County,False
Save the Enhanced Nursery School Operating Grant!! Say NO to Proposed Amendment to Regs!,False
Cancel the STAAR test for the 2020/2021 school year,False
Justice For Dr. Susan Moore,False
Extend Winter Break for Brock Students,False
Get American crew members home!,False
RAISE PSW WAGES TO $25​.​00/HOUR,False
COVID-19  Dance Studio Industry Economic Hardship,False
Support More Testing for Covid,False
UBC Partial Tuition Refund,False
Close China’s wet market permanently,False
#SaveOurYouth,False
Tuition Adjustments Due to COVID-19,False
Ensure Education. STOP HIKE in School Fee for 2020-2021 #COVID-19,False
Cancel 10th Gujarat Board Exams,False
Cancellation of all University assignments and exams due to instability caused by COVID-19,False
NEU- CLOSE CAMPUS AND START ONLINE TEACHING,False
NOW reinstate all facial treatments from behind and to the side of the face.,False
Equestrian Riding relief,False
UWC must call off university!,False
Cancel Okanagan college  Classes due to COVID-19,False
Request To Have the Option to Make WFU Spring 2020 Classes Pass/Fail Due to COVID-19,False
Stop tourism to the Isle of Wight during the Covid 19 outbreak,False
No profit on Covid-19!,False
Cancel rent payments for international students during Covid 19,False
Tuition and Fee Refund for Campus Services Not Provided Due to COVID-19,False
SE PODRÍAN HABER EVITADO LAS MUERTES POR COVID-19 EN TODO EL MUNDO,False
Make Regis University close its doors now.,False
Post Natal Massage Service as Essential Services,False
Cancellation of RTU Final Semester Examination,False
HPU MUST Allow Housing/Dining Refunds if COVID-19 Impacts Fall 2020 Semester,False
"20 per studio classroom, rather than 20 per premises - if deemed safe.",False
VicRoads refund rego and TAC charged during covid restrictions.,False
"Grant emergency Bond due to the global pandemic of COVID-19, for Qamar Williams / Q money",False
Create a Covid-19 relief package for informal waste pickers of Delhi,False
Take proactive action to mitigate COVID19 in Ethiopia,False
Stellenbosch University to Implement Online Examinations,False
No Schools Till Corona Ends...,False
Recreation Boating During Stay At Home,False
Chancellor Carranza - Don't Take Counselors Away From Students in the South Bronx,False
UK Legalisation & Taxation of Recreational Cannabis to help fund COVID-19 aftermath,False
COVID-19 - Free streaming services for quarantine,False
Help stop the deportation of the Ferreira family during a global pandemic.,False
Make masks mandatory for public settings in the Region of Waterloo.,False
Pay Health Care Students On Placement,False
Support private nurseries through Covid-19,False
cancel school due to the water boil order and COVID 19,False
A Twin Crisis- Gentrification & Covid Destroying Black Business In Harlem,False
Extend the Winter Break at UFV,False
TAX RELIEF FOR NEW JERSEY RESTAURANTS & SMALL BUSINESSES FROM SHUTDOWN DURING COVID-19,False
Orange County Schools Must Follow CA State Guidelines For Re-Opening,False
Cuomo and de Blasio Must Close all school buildings in NYC NOW!,False
Why final year exams shoudn't be Conducted #promote final year students,False
Offer Unconditional Citizenship to ALL non-British NHS Workers,False
We Must Ensure The Safety of Our Children,False
Riconosciamo alla Scuola il suo ruolo di tutela della Salute biopsicosociale,False
Yarra Valley should be classified as rural for Covid-19 restrictions purposes,False
Suspend Rent & Mortgage in Connecticut during COVID-19,False
NYC TRANSIT WORKERS DESERVE HAZARD PAY,False
Covid-19 Safety for Dental Practitioners and Patients in Colorado,False
Call for Peter Weir to resign,False
Temporarily Force Close Restaurants in the U​.​S to stop the spread of Covid-19,False
Covid-19 Pandemic Unemployment Payment for Cross Border Workers,False
Seek Justice for Brutal Massacre of 5 Afro-Colombian Teenagers,False
Ban the Use of Tear Gas on Peaceful Civilians & Protestors,False
COVID-19 : Guarantee people's heat and power,False
Create a COVID-19 testing spot on South Campus,False
Protest Against Covid Return Travellers at Tamworth NSW Australia,False
Close Humber College (COVID-19 / Coronavirus),False
"The IRS Is Holding Thousands Of Falsely Flagged Tax Refunds, During Covid-19 Crisis!!!",False
Henry County Shelter in Place for Covid-19,False
Schools to charge only 50% and No fees for lockdown period. Also No Vaccine No School.,True
Boots to send all non essential staff home amid Covid-19 safety measures,False
Reduce UCI Student Fees During Remote Instruction,False
Government packages and assistance for Music Fraternity in COVID 19 PANDEMIC.,False
Relief Funds for Freelance + Contracted Workers,False
Small Business COVID-19 Support,False
UW Admin create a one-credit class so international students can stay in the US,False
Distinction des cas de Covid-19 entre la Gaspésie et les Iles-de-la-Madeleine,False
Aprite le palestre di arrampicata,False
Stop TFL from removing free travel for under-18s,False
Reduce Canadian Deaths from Covid-19 and Support Canada with Social Distancing and Testing,False
誰ひとり取り残さない。新型コロナウイルスの影響に伴う収入減少に対し、この国に生きる全ての人に所得補償を!,False
Partial refund for 2nd semester fees from Kuwait private schools due to COVID19 closure,False
Postpone Class of 2020 CBE Graduation Ceremonies,False
Tell Doug Ford Critical care is not Elective care. Help our daughter to  get her surgery!,False
COVID-19 outbreak in Clinton County Detention Center,False
DEMAND NCSU to release a statement and action plan to support their international students,False
Resignation of Tedros Adhanom Ghebreyesus - The WHO Director General,False
Justin Trudeau: Do Not Test COVID immunizations on Indigenous Canadians!,True
Set up makeshift crematoriums and designate more burial grounds for COVID victims’ dignity,False
Revoke retroactive fees,False
"Allow students to alter, delay or annul their tenancy agreements because of COVID-19",False
Release Grace from Groves HS from Jail,False
We Want Justice! We Want Peace!,False
"Defy COVID 19: save zoo, stables, farm & stray animal war-refugees in Yemen",False
Close school campuses in Fremont Unified School District to avoid spreading COVID-19,False
Re-classify Fitness Centers as an Essential Business,False
"After serving 25 years , I can die from Covid-19, because I am still incarcerated.",False
Request To Make GMU Fall 2020 Classes Pass/Fail An Option Due to COVID-19,False
CT Students Go Back To School Without Masks or Social Distancing,False
Allow individual water sport participants in South Africa to access the ocean.,False
Cut Carbon Emissions by 50% in 2030 and Reach ZERO emissions by 2050!,False
Demand CA EDD accountability for Unpaid unemployment claims due to Covid 19 measures.,False
Suspend in-person instruction at UC Merced to prevent exposure to COVID-19,False
نطالب وزارة الاتصالات اللبنانية بزيادة سعة الإنترنت وسرعته وتخفيض الأسعار خلال أزمة كورونا,False
Modify SIT's Exam and Grading Policy due to COVID-19,False
CLOSE DOWN ALL EDUCATIONAL INSTITUTIONS!,False
Request CWU To Make Online Classes/Finals Available Due to COVID-19 Deaths In WA State,False
Ensure health workers have enough PPE during Covid-19 to remain safe,False
ECFMG Certification during COVID 19 Crisis,False
Help for Special Needs Family during COVID,False
Demand Louisiana Gov. Edwards take action to reduce the prison population during Covid-19,False
Demand SF City Gov’t Responds To Homeless and Crime CRISIS,False
Stop ICE from sending international students out of the country!,False
Restore Youth Hockey,False
The Ghanaian-Canadian Association of Ontario needs your support!,False
Shut down FISD schools to prevent COVID-19 spreading,False
Hazard pay for X-ray tech at St Mary’s Hospital,False
Declarar pandemia por parte de la OMS | Make official WHO pandemic status - Covid-19,False
UVM students demand partial tuition and housing reimbursement,False
Kids First! Let NM kids practice outdoors sports!,False
Forgive Student Loans for Nurses working during COVID-19,False
WITHDRAW EIA DRAFT 2020,False
#COVID19 CHIEDIAMO CHE TUTTI RESPONSABILI SIANO GIUDICATI DA CORTE INTERNAZIONALE PENALE,False
Nintendo should release Animal Crossing: New Horizons early due to the coronavirus,False
COVID-19 Remembrance and Lessons Learned/COVID-19 Commémoration et Leçons Apprises,False
Close all daycares in British Columbia to stop the spread of COVID-19,False
Close UBC Campus to Prevent the Outbreak of COVID-19,False
Recruitment of Public health officers and public technicians for UHC and prevent COVID 19,False
Federal Student Loan Forgiveness for All,False
Free Ashley Diamond,False
Resignation of Jay Baker,False
Wake up Bihar ( COVID - 19),False
Demand NBC pull Trump Town Hall 10/15,False
Pennsylvania Schools to Void 3/4th Quarter Grading and Allow All Student to Pass 2019/2020,False
Revise Francis Parker School's Covid-19 Teacher Policies,False
Shut Down Illinois Due to the Public Health Threat of Covid-19,False
Cancellation of medical exams covid-19,False
#ShutDownMASS to minimize the spread of coronavirus,False
The University of Michigan community needs a better testing plan,False
Hold Trump Accountable For Misleading Of Covid-19,False
Keep Austin Building Safely During Covid-19 Shelter In Place Order,False
Insurance Companies deny therapy to children for PT/OT/ST during global COVID-19 pandemic.,False
Recognize and Demarcate Orthodontic Procedures Separately from Other Dental Procedures,False
Close BC Schools to slow the spread of COVID-19,False
Postpone/Cancel the AP Inter-board exams.,False
Save EasyJet jobs.,False
Poor street dog raped by strangers during Covid -19 Lockdown,False
Save Manchester's historic Belle Vue Stadium,False
Fermiamo il calcio! [ITA-ENG] ~Covid-19,False
Expand Screening to Stop Covid-19 from Becoming an Epidemic,False
Teachers For Good Trouble - Stop Standardized Testing During COVID-19 Pandemic,False
Stop pig slaughterhouse at Ballymoney NI; save pigs and local community from proposed hell,False
Help the 99% Recover from COVID-19 Crisis,False
"Coordinación supranacional ante el COVID-19
Supranational coordination against COVID-19",False
Suspend Rent and Mortgage payments in California during COVID-19,False
Postponement and/or cancellation of all examinations in light of the COVID-19 Pandemic.,False
Engage for a better world after COVID-19 (#Engage4Better),False
Release low risk delaware prisoners due to covid-19 outbreak,False
"Artists, Creators, Tattooists, Musicians and Sole Traders need your help!",False
Halt the planned cuts to West Sussex Children and Family Centres,False
Revoke CEWS funding from anti-choice and hate groups,False
2020 Graduation after COVID-19,False
Petition for a public enquiry into unlawful Dáil procedure regarding covid 19 legislation.,False
Please change BC COVID 19 testing measures ASAP,False
Government of British Columbia: Do not single out hairstylists in phase two.*,False
No school for all Allen ISD during the Coronavirus (COVID-19) Outbreak,False
Exempt the non-EU students from paying the tuition fee of SS due to the Covid - 19 crisis.,False
40% to 50% REDUCTION IN TUTION FEES,False
BCIT STUDENT’S REFUND DUE THE COVID-19,False
Appeal for Urgent Action on the Attacks Against the CPA and its Leaders,False
#saveProjectSPELL,False
Abolish quarantine rule to enter Sarawak #malaysiaformalaysians,False
SUPPORT CARE HOMES DURING COVID-19 & AFTER,False
Exclude kids from the ‘rule of 6’ law in England.,False
#NUStopOnlineClassesNow #WalangIwananNationalian,False
Hazard Pay for Lassens employees during COVID-19 Outbreak,False
Tell Emory University to stop torturing nonhuman primates!,False
Let foreign doctors help us fight COVID-19!,False
Allow Parents the option to keep children off school during covid 19 crisis,False
CANCEL ICSE BOARD EXAMS 2021 DUE TO COVID-19,False
MAKAUT need to close WB colleges due to effect of COVID-19.,False
UNISA STUDENTS DEMANDING THE REMOVAL OF THE LAST MINUTE IMPLEMENTATION OF THE IRIS SYSTEM!,False
"Change Diet, Save Lives",False
Urgent Government Support For The Hospitality Industry,False
"支持將「中華航空」正名為「台灣航空」Call for Petition of Rectifying “China Airlines” with “Taiwan Airlines""",False
Hazard Compensation For Covid-19 Pandemic,False
Urgent Strict Measures to Counter Coronavirus Spread and Increase Public Education,False
Google: Include the entire Caribbean in YouTube's Partner Program,False
Testing for COVID 19 in NHS medical professionals showing signs and symptoms,False
Close the CUNY Hunter College campus due the spread of COVID-19,False
Allow Visitors for MA Patients During Covid-19,False
S​.​E​.​N Schools to shut in the UK amid Covid 19 outbreak,False
"For Immediate Resignations: Michael Rembis, Debbie Walsh, Gary Kienbaum and Lisa Paulson.",False
Start Community Testing: COVID-19 NEPAL,False
Make sure all staff in hospital have face masks,False
Grant Diploma Privilege for 2020 Texas Law School Graduates,False
Mental Health Stability Amongst Student Body,False
PROTECT INCARCERATED COMMUNITIES FROM COVID-19,False
Keep COVID-19 Arrestees Out of Waiʻanae,False
HAZARD PAY FOR TRANSIT WORKERS,False
An Immediate Decrease in UArts Tuition for 2020-2021,False
Implement COVID-19 Precautionary Measures,False
Close the PA border to people who live out of state.,False
#JusticeforShoni: fix Thembisa Hospital and save lives,False
Immediate Aid Package for San Francisco SMBs (Small and Medium Businesses),False
"Under attack at NYU, Mark Crispin Miller needs your support for academic freedom",False
Allow PAYE freelancers to receive the UK government's COVID-19 self employed grant,False
AN ACCESSIBLE WASHROOM for DISABLED FANS--Toronto Maple Leafs and Raptors,False
Release community custody inmates with 6 months or less on supervision due to COVID-19,False
Support UNPAID Student Nurses helping to fight Covid-19 Pandemic,False
Refund UIC Students for Tuition Costs,False
Close Pratt Institute-Main Campus due to COVID-19 Death in NYC,False
Kitas & Schulen verlässlich öffnen: Bundesweite Bildungs- & Betreuungsgarantie 2021,False
Exception for Drive-In Movie Theatres during Covid-19 restrictions.,False
Il vaccino antinfluenzale ha aumentato i rischi da COVID-19?,False
Save Rose of Sharon Korean LTC from for-profit Rykka,False
CAIE should allow Students of Pakistan for Teacher Assessemnt like UK for O/A Level 2021,False
Lower University of New Mexico Fall 2020 Tuition,False
Demanding a Student-Centered Response from SUA to the COVID-19 Epidemic,False
Citizens should be allowed to leave Australia without requiring permission.,False
Grant of RESIDENCE AMNESTY FOR ALL MIGRANT WORKERS CURRENTLY IN NZ.,False
Private daycare/schools to credit/refund parents for service not rendered due to covid-19,False
Separate Muskoka From Simcoe For Covid Response Regions,False
Minimum 3​.​1% Pay Rise to NHS workers.,False
Equal Government Support for Newly Self Employed - Covid 19,False
Allow a nominated family member to enter care homes during a lockdown the same as staff do,False
Retain contract pharmacists in Ministry of Health (MOH)!,False
Bengaluru Green Cover reduced from 70% to 3%.   SAVE Bengaluru's TREES!   STOP ECOCIDE!,False
"Dear PIAA, Please Do Not Terminate Our Sports Seasons!",False
Expand Unemployment Insurance Eligibility for Education Support Professionals,False
To include Traditional and Complementary Medicine (T&CM) as essential service,False
Reduce the cost of paying for online education in Cyprus (during the COVID-19 quarantine),False
WIRED not Wireless; NO HOTSPOTS or Antennas added to CA Schools during COVID-19,False
"Governor Greg Abbott: Suspend Rent, Mortgage, & Utility Payments During Covid-19 crisis",False
Open Rhode Island & End All Executive Orders May 9th.,False
Postpone Oklahoma State University Spring 2020 Commencement,False
"Save Our Studios.
Reclassify dance studios in the California Covid re-opening strategy.",False
RRISD Students Request Covid Safe Traditional Graduation Ceremony,False
Suspend rent and mortgage payments during Covid 19 pandemic South Africa,False
Locals Only Recreation Initiative for Placer and Nevada Counties,False
Directors to be equally helped Just as self employed have been.,False
Allow Nursing Students to graduate despite clinical hours,False
Pass the bill to prohibit child marriage in the Philippines. #ENDChildMarriage,False
Petition for MIT Administration to Take Action against On-Campus Spread of COVID-19,False
Change the inhuman Care Home Covid visiting restrictions,False
Support Cheerleaders and Dance in 2021,False
Financial compensation(hazard pay) for essential workers during covid-19,False
Save Gymnastics Clubs in Ontario!,False
#cancelboardexams,False
Ask Gov. DeSantis to Stop the unfair treatment of Vacation Rentals!,False
Place a moratorium on 1080 poisoned food drops & divert funds to save lives from COVID-19,False
American Airlines Should Waive ALL  Change/Cancellation Fees Amidst COVID-19 Outbreak!,False
To Stop COVID-19: Contact Trace and Test!,False
HELP IRANIANS TO RECEIVE MEDICAL SUPPLIES TO FIGHT COVID-19,True
Get Covid-19 Vaccines for Doctors,True
Allow F-1 and M-1 students with valid visas to stay in the United States,False
"Northern and southern European countries solidarity, opinions of non-political citizens",False
Cancel 2021 CBSE Board exams due to COVID-19,False
Canadian Federal Government: Give More Support to Canadian Airlines and their Employees,False
Universal living wage for all ad-hoc agency workers during the covid-19 crisis,False
Brainware University need to close College due to effect of COVID-19.,False
Whittier Council Member Jessica Martinez: Recuse Yourself from Immigrant Relief Lawsuit,False
Allow parents to temporarily home educate without being penalised during Covid-19 outbreak,False
There will be a day AFTER COVID-19.  Help us change the way leaders lead.  Everywhere.,False
Close Madison City Schools due to COVID-19,False
Mthuli Ncube to remove 2% charge from all electronic money transactions #Covid-19 period,False
Partially Refund Loughborough University Tuition Fees,False
Proper equipments and facilities for Arunachal Pradesh to tackle Covid-19,False
Humber College should reduce tuition fees for classes recently made online due to COVID-19,False
South Dakota State University pass or fail students -COVID-19,False
Tim Walz: Support to-go wine & beer sales for the restaurant industry during COID-19,False
Demanding permanent employment for contract workers in M'sia Gov! #WeAreFrontliners,False
Rescind the Acceptance of racist Drew Dollar into LSU,False
Postpone All Entrances and ExamsDuring Current Situation of Covid-19.,False
We Texans demand that Ted Cruz resign.,False
LET US IN! Adjust The Nursing Home Visitation Policy due to Covid 19,False
COVID-19 Landlord Support,False
Cancellation of STPM Semester 2 examination 2020,False
Immediate & Unconditional Release of Jawar Mohammed & All Oromo Political Prisoners,False
Close non essential warehouses Covid-19,False
Revise the Academic Calendar & Suspend the Online Classes throughout COVID-19 crisis,False
ASHA dues should be WAIVED for 2020!,False
Cancellation of Lebanese Official Exams for 2020/إلغاء الإمتحانات الرسمية اللبنانية ل-٢٠٢٠,False
Hazard pay for essential employees working with the public during the covid-19 pandemic.,False
Stop children being weighed in school without parental consent,False
Allow Visitors for Covid-19 Patients,False
Exigimos acciones de control y salud en la Reserva Natural de La Parguera,False
